State,Year,Incentive ($),Additional Registration Fee ($/year),dem_margin,num_stations,num_charging_outlets,Electric (EV),Car Sales,EV Sales Market Share
Alabama,2016,0.0,200.0,-25.5,113,227,500,224571.22729185823,
Alaska,2016,0.0,0.0,-10.1,3,5,200,33671.8029772345,
Arizona,2016,0.0,0.0,0.3,424,988,4700,414593.61742482404,
Arkansas,2016,0.0,200.0,-27.6,63,89,200,121553.15181872866,
California,2016,2000.0,108.0,29.2,4184,13655,141500,2104668.7715520747,
Colorado,2016,5000.0,51.88,13.5,445,978,5300,245047.13611427727,
Connecticut,2016,0.0,0.0,20.1,341,725,2000,171272.78744077415,
Delaware,2016,2200.0,0.0,19.0,30,67,300,55225.39121135981,
Florida,2016,0.0,0.0,-3.4,965,2091,11600,1502899.6548055368,
Georgia,2016,0.0,213.7,0.2,591,1493,18000,535515.8094006333,
Hawaii,2016,0.0,50.0,29.5,249,566,4200,83695.56124356712,
Idaho,2016,0.0,140.0,-30.8,60,133,400,86373.35481691688,
Illinois,2016,0.0,100.0,17.0,524,1109,5800,587340.3270586578,
Indiana,2016,0.0,150.0,-16.1,196,388,1300,276395.7449498827,
Iowa,2016,0.0,130.0,-8.2,109,216,400,138197.87247494134,
Kansas,2016,0.0,70.0,-14.7,197,725,600,120538.56839131433,
Kentucky,2016,0.0,120.0,-25.9,82,167,500,153882.27225023077,
Louisiana,2016,0.0,100.0,-18.6,79,155,400,249523.16523994718,
Maine,2016,0.0,0.0,9.1,111,181,300,66435.02378066514,
Maryland,2016,0.0,0.0,33.2,499,1129,3200,309396.20665425103,
Massachusetts,2016,2500.0,0.0,33.5,507,1243,3600,351804.279616547,
Michigan,2016,0.0,145.0,2.8,534,1122,1600,621890.4261372361,
Minnesota,2016,0.0,75.0,7.1,286,687,1600,246548.82054042534,
Mississippi,2016,0.0,150.0,-16.5,41,64,100,123500.29389397781,
Missouri,2016,0.0,105.0,-15.4,295,1155,1400,328220.2626079071,
Montana,2016,0.0,0.0,-16.4,36,76,200,71762.84869427621,
Nebraska,2016,0.0,75.0,-19.2,58,116,300,88569.09507027625,
Nevada,2016,0.0,0.0,2.4,173,474,2000,156734.2107402263,
New Hampshire,2016,0.0,0.0,7.4,98,181,400,118399.6145238177,
New Jersey,2016,4000.0,0.0,15.9,244,494,4200,577636.1646745581,
New Mexico,2016,0.0,0.0,10.8,58,135,500,88151.39965426363,
New York,2016,2000.0,0.0,23.1,862,1677,6100,984659.5259040357,
North Carolina,2016,0.0,140.25,-1.3,453,1015,2900,486058.65307324234,
North Dakota,2016,0.0,120.0,-33.4,7,9,0,35950.82992985923,
Ohio,2016,0.0,200.0,-8.0,278,499,2600,604614.745638104,
Oklahoma,2016,0.0,110.0,-33.1,54,103,600,483692.55366229475,
Oregon,2016,0.0,91.0,16.1,542,1249,7700,190022.3901329658,
Pennsylvania,2016,2000.0,0.0,1.2,352,654,3200,662699.6468575743,
Rhode Island,2016,0.0,0.0,20.8,80,201,300,53360.27391569019,
South Carolina,2016,0.0,60.0,-11.7,200,364,800,243997.21893565945,
South Dakota,2016,0.0,50.0,-26.2,23,40,100,33146.8443879256,
Tennessee,2016,2500.0,100.0,-23.2,428,970,2600,293670.1635293289,
Texas,2016,0.0,0.0,-5.6,998,2386,11900,1658373.2077796105,
Utah,2016,1500.0,130.25,-20.5,127,291,2500,172746.70963383376,
Vermont,2016,0.0,0.0,35.4,161,380,300,51824.517658024466,
Virginia,2016,0.0,120.0,10.1,427,991,3100,380043.5183462458,
Washington,2016,0.0,150.0,19.2,738,1791,14900,338687.8864019394,
West Virginia,2016,0.0,200.0,-38.9,43,96,100,85733.56153619665,
Wisconsin,2016,0.0,100.0,0.6,280,445,2600,241984.4570367467,
Wyoming,2016,0.0,200.0,-43.4,32,63,100,17129.297815574755,
Alabama,2017,0.0,200.0,-25.5,145,319,800,220327.96906074954,0.136160652357887
Alaska,2017,0.0,0.0,-10.1,7,11,400,33035.576525331424,0.6054079299831245
Arizona,2017,0.0,0.0,0.3,432,1041,7200,406759.8989163677,0.614613192367327
Arkansas,2017,0.0,200.0,-27.6,62,112,300,119256.41319289527,0.08385293278798488
California,2017,2000.0,108.0,29.2,4683,16111,189700,2064901.1967102664,2.334252121931581
Colorado,2017,5000.0,51.88,13.5,567,1401,8000,240416.98696353516,1.1230487637753808
Connecticut,2017,0.0,0.0,20.1,358,782,3000,168036.5996448706,0.5951084478699313
Delaware,2017,3500.0,0.0,19.0,41,113,400,54181.91115984257,0.18456344167150002
Florida,2017,0.0,0.0,-3.4,1134,2508,15900,1474502.4669391857,0.2916237915102348
Georgia,2017,0.0,213.7,0.2,698,1882,14400,525397.2742101261,-0.6851957893029008
Hawaii,2017,0.0,50.0,29.5,275,626,5400,82114.13924469068,1.4613804772697405
Idaho,2017,0.0,140.0,-30.8,77,171,700,84741.33608862702,0.3540184918564937
Illinois,2017,0.0,100.0,17.0,543,1205,8300,576242.5710936217,0.43384507244151993
Indiana,2017,0.0,150.0,-16.1,198,399,1900,271173.2659442451,0.22126074925223777
Iowa,2017,0.0,130.0,-8.2,117,258,600,135586.63297212255,0.1475071661681585
Kansas,2017,0.0,70.0,-14.7,194,742,1000,118261.00025108339,0.33823492034630886
Kentucky,2017,0.0,120.0,-25.9,95,191,700,150974.6770688637,0.13247254697473174
Louisiana,2017,0.0,100.0,-18.6,88,195,600,244808.4418200112,0.08169652913646033
Maine,2017,0.0,0.0,9.1,129,216,500,65179.73847590594,0.3068438209121246
Maryland,2017,1500.0,0.0,33.2,563,1360,4400,303550.186144895,0.3953217803092364
Massachusetts,2017,2500.0,0.0,33.5,586,1474,5600,345156.9614216738,0.5794465195666808
Michigan,2017,0.0,145.0,2.8,554,1206,2500,610139.8483745515,0.1475071661681585
Minnesota,2017,0.0,75.0,7.1,294,760,2300,241890.2971634806,0.2893873827137877
Mississippi,2017,0.0,150.0,-16.5,57,116,200,121166.76414963126,0.08253088270683535
Missouri,2017,0.0,105.0,-15.4,377,1558,2100,322018.56282774056,0.2173787727803926
Montana,2017,0.0,0.0,-16.4,33,84,300,70406.8944962166,0.14203154494390266
Nebraska,2017,0.0,75.0,-19.2,64,163,500,86895.58797762288,0.23016128281622705
Nevada,2017,0.0,0.0,2.4,229,604,3100,153772.72837296178,0.7153414078288641
New Hampshire,2017,0.0,0.0,7.4,100,189,600,116162.46177300983,0.17217265969346882
New Jersey,2017,2600.0,0.0,15.9,265,553,6900,566721.7682048986,0.4764242616888176
New Mexico,2017,0.0,0.0,10.8,61,165,700,86485.78488839437,0.23125187596792943
New York,2017,1333.0,0.0,23.1,954,1952,9400,966054.4504074235,0.3415956521506897
North Carolina,2017,0.0,140.25,-1.3,595,1352,4400,476874.60752419167,0.31454809636176856
North Dakota,2017,0.0,120.0,-33.4,10,15,100,35271.541417013344,0.28351468629540716
Ohio,2017,0.0,200.0,-8.0,378,743,3700,593190.5906961875,0.18543787060226374
Oklahoma,2017,0.0,110.0,-33.1,60,137,1200,474553.2154024289,0.1264347138584216
Oregon,2017,937.5,91.0,16.1,564,1345,10000,186431.92985561807,1.2336942506475321
Pennsylvania,2017,2000.0,0.0,1.2,388,770,4400,650177.9816149177,0.184564847462141
Rhode Island,2017,0.0,0.0,20.8,85,213,400,52352.03512999436,0.19101454174931667
South Carolina,2017,0.0,60.0,-11.7,243,480,1200,239386.9078993716,0.16709351547668744
South Dakota,2017,0.0,50.0,-26.2,26,47,100,32520.536993249658,0.0
Tennessee,2017,2500.0,100.0,-23.2,450,1036,2900,288121.28554681083,0.1041228173859648
Texas,2017,1250.0,0.0,-5.6,1073,2654,16100,1627038.3575896723,0.2581377372210183
Utah,2017,0.0,130.25,-20.5,145,379,3600,169482.67217725405,0.6490339017369051
Vermont,2017,0.0,0.0,35.4,173,426,700,50845.296883495525,0.7867000971919602
Virginia,2017,0.0,120.0,10.1,474,1094,5100,372862.6216354379,0.5363905856874752
Washington,2017,0.0,150.0,19.2,810,2136,21000,332288.4015744192,1.8357547152104996
West Virginia,2017,0.0,200.0,-38.9,69,199,100,84113.63165890236,0.0
Wisconsin,2017,0.0,100.0,0.6,283,489,2800,237412.1770011254,0.0842416772914946
Wyoming,2017,0.0,200.0,-43.4,37,91,100,16805.6408857643,0.0
Alabama,2018,0.0,200.0,-25.5,165,395,1300,221343.7793645604,0.2258929532311291
Alaska,2018,0.0,0.0,-10.1,7,11,500,33187.88528199913,0.30131476938134194
Arizona,2018,0.0,0.0,0.3,480,1227,12600,408635.2436502102,1.321471919985045
Arkansas,2018,0.0,200.0,-27.6,70,124,600,119806.23850029173,0.2504043226424052
California,2018,2000.0,108.0,29.2,5480,21166,273500,2074421.31311179,4.039680824253277
Colorado,2018,5000.0,51.88,13.5,707,1788,12500,241525.41660871275,1.8631579496622086
Connecticut,2018,0.0,0.0,20.1,383,837,5000,168811.32338995053,1.1847546478739717
Delaware,2018,3500.0,0.0,19.0,50,133,800,54431.71396005426,0.7348657076893583
Florida,2018,0.0,0.0,-3.4,1265,3027,27400,1481300.5816102212,0.7763447974548914
Georgia,2018,0.0,213.7,0.2,772,2188,15900,527819.5902102778,0.284188011930822
Hawaii,2018,0.0,50.0,29.5,278,536,6600,82492.72208684594,1.4546737816903106
Idaho,2018,0.0,140.0,-30.8,87,174,1100,85132.03148115701,0.4698583988196445
Illinois,2018,0.0,100.0,17.0,579,1399,13600,578899.3066125242,0.9155305490022739
Indiana,2018,0.0,150.0,-16.1,225,489,3400,272423.49576680677,0.5506132999937688
Iowa,2018,0.0,130.0,-8.2,129,296,1100,136211.74788340338,0.36707553332917925
Kansas,2018,0.0,70.0,-14.7,198,783,1700,118806.23626041137,0.5891946601739576
Kentucky,2018,0.0,120.0,-25.9,114,221,1200,151670.73773349397,0.32966148083130425
Louisiana,2018,0.0,100.0,-18.6,102,213,900,245937.11803266252,0.12198240037933496
Maine,2018,0.0,0.0,9.1,151,264,800,65480.24617007556,0.4581534394675197
Maryland,2018,3000.0,0.0,33.2,665,1752,8400,304949.6880244075,1.3116917829671133
Massachusetts,2018,2500.0,0.0,33.5,649,1794,10300,346748.28911074944,1.355450090915617
Michigan,2018,0.0,145.0,2.8,606,1382,4200,612952.8654753153,0.27734595851537985
Minnesota,2018,0.0,75.0,7.1,318,788,4900,243005.51942644612,1.0699345455760227
Mississippi,2018,0.0,150.0,-16.5,58,119,300,121725.39702782329,0.08215212473461275
Missouri,2018,0.0,105.0,-15.4,409,1675,3500,323503.21216905315,0.43276231806576365
Montana,2018,0.0,0.0,-16.4,43,96,500,70731.50171332783,0.28275944261807506
Nebraska,2018,0.0,75.0,-19.2,78,195,900,87296.21543313687,0.45821001290299185
Nevada,2018,0.0,0.0,2.4,226,659,5100,154481.6893033069,1.294651818619896
New Hampshire,2018,0.0,0.0,7.4,126,228,1200,116698.02258305169,0.5141475294262092
New Jersey,2018,2600.0,0.0,15.9,309,749,13400,569334.6085718776,1.141683625435074
New Mexico,2018,0.0,0.0,10.8,70,181,1300,86884.52296870851,0.6905717836720934
New York,2018,2000.0,0.0,23.1,1157,2562,15500,970508.3927232791,0.628536553185614
North Carolina,2018,0.0,140.25,-1.3,666,1488,7300,479073.2123677522,0.6053354529398871
North Dakota,2018,0.0,120.0,-33.4,20,28,100,35434.15897008857,0.0
Ohio,2018,0.0,200.0,-8.0,441,949,6400,595925.4641519795,0.45307679607921836
Oklahoma,2018,0.0,110.0,-33.1,65,167,3700,476741.11759191187,0.5243936190416846
Oregon,2018,2500.0,91.0,16.1,669,1544,13800,187291.4642856498,2.028923215744838
Pennsylvania,2018,2000.0,0.0,1.2,453,985,8000,653175.5923851293,0.5511534787842082
Rhode Island,2018,0.0,0.0,20.8,89,246,700,52593.401384751836,0.5704137631360303
South Carolina,2018,0.0,60.0,-11.7,270,554,2000,240490.58842017988,0.33265335049297545
South Dakota,2018,0.0,50.0,-26.2,33,77,200,32670.47118773268,0.30608680060160454
Tennessee,2018,2500.0,100.0,-23.2,458,1145,3900,289449.6533062621,0.34548322603859394
Texas,2018,2500.0,0.0,-5.6,1180,3138,24500,1634539.73081696,0.513906137711415
Utah,2018,0.0,130.25,-20.5,196,553,5600,170264.06296231403,1.1746459970491112
Vermont,2018,0.0,0.0,35.4,209,535,1100,51079.716402246384,0.7830897040423052
Virginia,2018,0.0,120.0,10.1,615,1446,9900,374581.6847874191,1.2814294438138571
Washington,2018,0.0,150.0,19.2,961,2573,30200,333820.3994573709,2.7559729767727528
West Virginia,2018,0.0,200.0,-38.9,89,212,200,84501.43305376978,0.11834118829247334
Wisconsin,2018,0.0,100.0,0.6,306,557,3700,238506.753130865,0.37734780595758805
Wyoming,2018,0.0,200.0,-43.4,45,121,200,16883.12239320377,0.5923074989982575
Alabama,2019,0.0,200.0,-25.5,195,506,2000,219340.74288738644,0.3191381549935722
Alaska,2019,0.0,0.0,-10.1,19,34,700,32887.55362139881,0.6081327979040279
Arizona,2019,0.0,0.0,0.3,522,1476,19500,404937.3249590229,1.7039673980901207
Arkansas,2019,0.0,200.0,-27.6,98,290,900,118722.05955206008,0.2526910341110186
California,2019,2000.0,108.0,29.2,6439,27199,349700,2055648.9691538133,3.70685857086616
Colorado,2019,5000.0,51.88,13.5,861,2516,19200,239339.7476867275,2.7993678713030357
Connecticut,2019,1125.0,0.0,20.1,422,1048,6900,167283.67603757943,1.1357952222266892
Delaware,2019,3500.0,0.0,19.0,57,172,1300,53939.13762070518,0.9269706970770497
Florida,2019,0.0,0.0,-3.4,1562,4562,40300,1467895.6460518679,0.8788090648471193
Georgia,2019,0.0,213.7,0.2,882,2939,19000,523043.120342485,0.5926853598552527
Hawaii,2019,0.0,50.0,29.5,296,666,8800,81746.2094361824,2.691256285978
Idaho,2019,0.0,140.0,-30.8,95,216,1600,84361.63456771213,0.5926864771671527
Illinois,2019,0.0,100.0,17.0,663,1864,19300,573660.5940944472,0.9936188852221484
Indiana,2019,0.0,150.0,-16.1,239,614,5100,269958.2166393486,0.6297270819028707
Iowa,2019,0.0,130.0,-8.2,141,348,1600,134979.1083196743,0.3704276952369828
Kansas,2019,0.0,70.0,-14.7,234,904,2300,117731.10676895455,0.5096359122636047
Kentucky,2019,0.0,120.0,-25.9,133,315,1900,150298.20302268243,0.4657407646413169
Louisiana,2019,0.0,100.0,-18.6,107,293,1400,243711.52569876143,0.20516058834986034
Maine,2019,0.0,0.0,9.1,184,433,1300,64887.686840016555,0.7705622196592891
Maryland,2019,3000.0,0.0,33.2,738,2110,13200,302190.0651853592,1.5884043034491377
Massachusetts,2019,2500.0,0.0,33.5,811,2455,14100,343610.41248516535,1.1059036228024832
Michigan,2019,0.0,145.0,2.8,616,1429,6600,607405.9874385343,0.39512287491944836
Minnesota,2019,0.0,75.0,7.1,380,1051,7700,240806.45640799063,1.1627595213876036
Mississippi,2019,0.0,150.0,-16.5,81,292,500,120623.85077635339,0.1658046884697924
Missouri,2019,0.0,105.0,-15.4,452,1895,4900,320575.6903913108,0.4367143367268709
Montana,2019,0.0,0.0,-16.4,55,137,700,70091.42147965774,0.28534162352242337
Nebraska,2019,0.0,75.0,-19.2,95,238,1300,86506.23387443305,0.4623944218639949
Nevada,2019,0.0,0.0,2.4,284,927,7900,153083.71706474523,1.829064549573073
New Hampshire,2019,0.0,0.0,7.4,121,244,1900,115641.97123740746,0.6053165580885277
New Jersey,2019,2600.0,0.0,15.9,457,1297,20200,564182.4511814106,1.205283855561379
New Mexico,2019,0.0,0.0,10.8,82,245,1900,86098.2669948212,0.696878138134987
New York,2019,2000.0,0.0,23.1,1655,4531,23000,961725.838645595,0.7798480293055556
North Carolina,2019,0.0,140.25,-1.3,732,1903,11600,474737.8697511024,0.9057630060678374
North Dakota,2019,0.0,120.0,-33.4,28,46,200,35113.49979837464,0.2847907516317381
Ohio,2019,0.0,200.0,-8.0,544,1443,10200,590532.6745023222,0.6434868321558144
Oklahoma,2019,0.0,110.0,-33.1,131,309,3400,472426.87911886006,-0.06350189061205419
Oregon,2019,2500.0,91.0,16.1,722,1895,18800,185596.58207163648,2.6940151290448346
Pennsylvania,2019,2000.0,0.0,1.2,572,1475,12000,647264.7213351134,0.6179851717778156
Rhode Island,2019,0.0,0.0,20.8,113,407,1100,52117.4607383296,0.7674971004598875
South Carolina,2019,0.0,60.0,-11.7,286,643,3000,238314.28411018048,0.41961395798569395
South Dakota,2019,0.0,50.0,-26.2,41,127,300,32374.82183312531,0.3088820087271705
Tennessee,2019,2500.0,100.0,-23.2,453,1207,5700,286830.2970472236,0.6275487696139884
Texas,2019,2500.0,0.0,-5.6,1376,4009,38400,1619748.0673077544,0.8581581469705795
Utah,2019,0.0,130.25,-20.5,289,950,8000,168723.26913542426,1.4224475452011667
Vermont,2019,1250.0,0.0,35.4,237,664,1700,50617.47375196216,1.185361408868694
Virginia,2019,0.0,120.0,10.1,710,2056,15000,371191.93161493575,1.3739522779526898
Washington,2019,0.0,150.0,19.2,1095,3206,40400,330799.512948351,3.0834386390383126
West Virginia,2019,0.0,200.0,-38.9,89,244,400,83736.7427007538,0.23884377819033506
Wisconsin,2019,0.0,100.0,0.6,345,711,4700,236348.40141235298,0.4231041944960386
Wyoming,2019,0.0,200.0,-43.4,57,159,200,16730.33964909746,0.0
Alabama,2020,0.0,200.0,-25.5,224,598,2900,187315.60003973983,0.4804725286143071
Alaska,2020,0.0,0.0,-10.1,37,68,900,28085.76172095065,0.712104595870047
Arizona,2020,0.0,0.0,0.3,573,1788,28800,345813.90126014943,2.689307736360714
Arkansas,2020,0.0,200.0,-27.6,112,350,1300,101387.8841213076,0.39452445769694916
California,2020,2000.0,108.0,29.2,7689,34924,425300,1755511.151550232,4.306438038473308
Colorado,2020,5000.0,51.88,13.5,1066,3253,24700,204394.6230013313,2.690873135133392
Connecticut,2020,2250.0,0.0,20.1,456,1240,9000,142859.19588555658,1.4699788746412197
Delaware,2020,2500.0,0.0,19.0,70,206,1900,46063.68062788904,1.302544633475799
Florida,2020,0.0,0.0,-3.4,1836,5564,58200,1253573.5500681538,1.4279178113662991
Georgia,2020,0.0,213.7,0.2,1008,3661,23500,446675.4996991696,1.0074427639372865
Hawaii,2020,0.0,50.0,29.5,320,759,10700,69810.74318406217,2.721644138625602
Idaho,2020,0.0,140.0,-30.8,113,281,2300,72044.29961968999,0.9716244084475592
Illinois,2020,0.0,100.0,17.0,805,2360,26000,489902.5004995294,1.367619065664768
Indiana,2020,0.0,150.0,-16.1,282,784,7000,230542.60084009965,0.8241426934008639
Iowa,2020,0.0,130.0,-8.2,188,487,2300,115271.30042004983,0.6072630372427419
Kansas,2020,0.0,70.0,-14.7,246,950,3100,100541.6167441894,0.7956904075209575
Kentucky,2020,0.0,120.0,-25.9,168,383,2600,128353.70991035059,0.5453679527369479
Louisiana,2020,0.0,100.0,-18.6,141,360,2000,208128.09363147826,0.288284003149709
Maine,2020,0.0,0.0,9.1,220,518,1900,55413.67205940741,1.0827652774152148
Maryland,2020,1500.0,0.0,33.2,884,2776,18000,258068.39459509647,1.8599720463759588
Massachusetts,2020,2500.0,0.0,33.5,1038,3415,21000,293441.1078729988,2.3514087886371793
Michigan,2020,0.0,145.0,2.8,567,1605,10600,518720.85189022415,0.7711276663399897
Minnesota,2020,0.0,75.0,7.1,445,1218,10400,205647.18292517535,1.3129282694732531
Mississippi,2020,0.0,150.0,-16.5,104,344,800,103012.00173684656,0.2912282015122636
Missouri,2020,0.0,105.0,-15.4,508,2060,6700,273769.60164045944,0.6574871677549989
Montana,2020,0.0,0.0,-16.4,65,188,900,59857.62836064241,0.3341261681719151
Nebraska,2020,0.0,75.0,-19.2,115,287,1800,73875.77379405023,0.6768118617530728
Nevada,2020,0.0,0.0,2.4,299,1166,11000,130732.52119428974,2.371253894348826
New Hampshire,2020,0.0,0.0,7.4,131,291,2700,98757.50828123504,0.8100649904226151
New Jersey,2020,2600.0,0.0,15.9,553,1652,30400,481808.2267059489,2.1170248730985524
New Mexico,2020,0.0,0.0,10.8,120,376,2600,73527.37267237596,0.9520264012683648
New York,2020,2000.0,0.0,23.1,2036,6134,32600,821307.7523500138,1.168867574003953
North Carolina,2020,0.0,140.25,-1.3,813,2267,16200,405423.12277875224,1.1346170806617546
North Dakota,2020,0.0,120.0,-33.4,42,101,200,29986.705605372823,0.0
Ohio,2020,0.0,200.0,-8.0,656,1845,14500,504311.1499091945,0.8526482114809977
Oklahoma,2020,0.0,110.0,-33.1,263,693,3400,403449.5514701744,0.0
Oregon,2020,2500.0,91.0,16.1,745,2121,22800,158498.30122040963,2.523686354491303
Pennsylvania,2020,2000.0,0.0,1.2,757,2054,17500,552759.9572492101,0.995006951547386
Rhode Island,2020,0.0,0.0,20.8,148,550,1600,44507.98015104742,1.1233940482204365
South Carolina,2020,0.0,60.0,-11.7,309,734,4400,203518.883626005,0.6878968551010234
South Dakota,2020,0.0,50.0,-26.2,45,133,400,27647.892033287513,0.36169122723570385
Tennessee,2020,0.0,100.0,-23.2,494,1345,7800,244951.2502497647,0.8573134441480635
Texas,2020,2500.0,0.0,-5.6,1579,4807,52200,1383254.5524692333,0.997647177474729
Utah,2020,0.0,130.25,-20.5,444,1606,11200,144088.59923937998,2.220855790737278
Vermont,2020,2500.0,0.0,35.4,264,793,2200,43227.00080035983,1.156684458191321
Virginia,2020,0.0,120.0,10.1,814,2531,20500,316995.54986945476,1.7350401298267475
Washington,2020,0.0,150.0,19.2,1235,3817,50500,282500.6811096078,3.5752126190737528
West Virginia,2020,0.0,200.0,-38.9,93,258,600,71510.64593785055,0.2796786371833625
Wisconsin,2020,0.0,100.0,0.6,381,828,6300,201840.0322995081,0.7927069678753214
Wyoming,2020,0.0,200.0,-43.4,61,172,300,14287.603702738976,0.6999074308089166
Alabama,2021,0.0,200.0,-25.5,277,682,4700,193791.32643474272,0.9288341398530713
Alaska,2021,0.0,0.0,-10.1,52,94,1300,29056.720404912565,1.3766178509683864
Arizona,2021,0.0,0.0,0.3,890,2259,40700,357769.10524569143,3.3261675828123534
Arkansas,2021,0.0,200.0,-27.6,164,463,2400,104892.98565689007,1.0486878537313755
California,2021,2000.0,108.0,29.2,14607,41237,563100,1816201.291070934,7.587264730923377
Colorado,2021,5000.0,51.88,13.5,1619,3992,37000,211460.79183556393,5.816681141327004
Connecticut,2021,2250.0,0.0,20.1,533,1430,13300,147798.01072729277,2.9093760997460776
Delaware,2021,2500.0,0.0,19.0,134,314,3000,47656.15766893485,2.3082011933098965
Florida,2021,0.0,0.0,-3.4,2636,6748,95600,1296911.100835584,2.8837751466468005
Georgia,2021,0.0,213.7,0.2,1585,3947,34000,462117.6108889977,2.2721488540115686
Hawaii,2021,0.0,50.0,29.5,386,839,14200,72224.18484186265,4.846022156793284
Idaho,2021,0.0,140.0,-30.8,139,345,3500,74534.95801951225,1.6099827944973901
Illinois,2021,0.0,100.0,17.0,1079,2764,36500,506839.0212847159,2.0716636957795806
Indiana,2021,0.0,150.0,-16.1,357,971,10400,238512.73683046096,1.4255003926338659
Iowa,2021,0.0,130.0,-8.2,281,584,3700,119256.36841523048,1.1739414998161248
Kansas,2021,0.0,70.0,-14.7,493,1017,4500,104017.46179504735,1.3459278623415316
Kentucky,2021,0.0,120.0,-25.9,225,532,4200,132791.05259289633,1.204900457341199
Louisiana,2021,0.0,100.0,-18.6,159,385,3200,215323.33305192733,0.5573014233950244
Maine,2021,1000.0,0.0,9.1,301,639,3000,57329.38959026447,1.918736633795939
Maryland,2021,0.0,0.0,33.2,1257,3430,25600,266990.1305009204,2.846547168519325
Massachusetts,2021,2500.0,0.0,33.5,2176,4871,30500,303585.7211739141,3.129264434198395
Michigan,2021,0.0,145.0,2.8,817,1799,17500,536653.6578685371,1.2857454521795653
Minnesota,2021,0.0,75.0,7.1,586,1385,15000,212756.65426789335,2.1620945374558733
Mississippi,2021,0.0,150.0,-16.5,112,433,1300,106573.25097880966,0.46916087799500156
Missouri,2021,0.0,105.0,-15.4,1047,2188,10000,283234.1472261792,1.1651137521086945
Montana,2021,0.0,0.0,-16.4,75,212,1600,61926.978824966,1.130363556049651
Nebraska,2021,0.0,75.0,-19.2,182,377,2700,76429.74846678384,1.1775519585690348
Nevada,2021,0.0,0.0,2.4,451,1361,17400,135252.10225429508,4.731904268642716
New Hampshire,2021,0.0,0.0,7.4,164,357,4000,102171.67454899829,1.2723683014283584
New Jersey,2021,4600.0,0.0,15.9,749,2021,47800,498464.9186757973,3.490717069161892
New Mexico,2021,0.0,0.0,10.8,189,461,4200,76069.30269779138,2.10334516454882
New York,2021,2000.0,0.0,23.1,2983,7646,51900,849701.3527185103,2.271386286281895
North Carolina,2021,0.0,140.25,-1.3,1120,2789,25200,419439.0895042459,2.14572275813337
North Dakota,2021,0.0,120.0,-33.4,61,139,400,31023.382213977216,0.6446750345289315
Ohio,2021,0.0,200.0,-8.0,957,2224,21200,521745.79509661294,1.2841502630144521
Oklahoma,2021,0.0,110.0,-33.1,313,1089,7100,417397.2894533067,0.886445622310135
Oregon,2021,2500.0,91.0,16.1,994,2433,30300,163977.77881094872,4.573790457697814
Pennsylvania,2021,2000.0,0.0,1.2,1148,2688,26800,571869.5361871095,1.6262450456806883
Rhode Island,2021,0.0,0.0,20.8,255,628,2500,46046.674748781166,1.954538530545732
South Carolina,2021,0.0,60.0,-11.7,385,870,7400,210554.77709296046,1.4248073785927415
South Dakota,2021,0.0,50.0,-26.2,58,160,700,28603.713033610853,1.048814885142654
Tennessee,2021,0.0,100.0,-23.2,685,1637,12200,253419.51064235796,1.7362514783676484
Texas,2021,2500.0,0.0,-5.6,2320,5501,80900,1431075.3320227386,2.005484921568334
Utah,2021,0.0,130.25,-20.5,909,1980,16500,149069.9160390245,3.5553786711817366
Vermont,2021,2500.0,0.0,35.4,329,878,3400,44721.410395718216,2.683278522259871
Virginia,2021,0.0,120.0,10.1,1139,3302,30700,327954.4686618703,3.110187838457682
Washington,2021,0.0,150.0,19.2,1773,4325,66800,292267.07065153425,5.57709083122616
West Virginia,2021,0.0,200.0,-38.9,110,306,1000,73982.85528573829,0.5406658048748062
Wisconsin,2021,0.0,100.0,0.6,475,961,9300,208817.8858496282,1.4366585447380353
Wyoming,2021,0.0,200.0,-43.4,70,184,500,14781.543408772746,1.3530386812063302
Alabama,2022,0.0,200.0,-25.5,327,851,8700,177960.0,2.2476961114857272
Alaska,2022,0.0,0.0,-10.1,61,113,2000,26683.0,2.6233931716823444
Arizona,2022,0.0,0.0,0.3,984,2661,65800,328542.0,7.6398146964467255
Arkansas,2022,0.0,200.0,-27.6,218,590,5100,96324.0,2.8030397408745484
California,2022,2000.0,108.0,29.2,14609,43589,903600,1667831.0,20.415737565736578
Colorado,2022,5000.0,51.88,13.5,1787,4408,59900,194186.0,11.792817195884359
Connecticut,2022,2250.0,0.0,20.1,598,1643,22000,135724.0,6.410067489905986
Delaware,2022,2500.0,0.0,19.0,156,367,5400,43763.0,5.484084729109065
Florida,2022,0.0,0.0,-3.4,2923,7818,168000,1190963.0,6.079114128650512
Georgia,2022,0.0,213.7,0.2,1552,4131,60100,424366.0,6.1503513476574465
Hawaii,2022,0.0,50.0,29.5,405,938,19800,66324.0,8.443399071226102
Idaho,2022,0.0,140.0,-30.8,155,382,5900,68446.0,3.5064138152704323
Illinois,2022,2000.0,100.0,17.0,1342,3351,66900,465434.0,6.531538306183046
Indiana,2022,0.0,150.0,-16.1,404,1093,17700,219028.0,3.3329072082108224
Iowa,2022,0.0,130.0,-8.2,305,659,6200,109514.0,2.2828131563087823
Kansas,2022,0.0,70.0,-14.7,489,1045,7600,95520.0,3.245393634840871
Kentucky,2022,0.0,120.0,-25.9,256,629,7600,121943.0,2.7881879238660687
Louisiana,2022,0.0,100.0,-18.6,193,475,5900,197733.0,1.365477689611749
Maine,2022,1000.0,0.0,9.1,412,869,5000,52646.0,3.7989590852106523
Maryland,2022,0.0,0.0,33.2,1384,3964,46100,245179.0,8.36123811582558
Massachusetts,2022,2500.0,0.0,33.5,2406,5748,49400,278785.0,6.779417830944993
Michigan,2022,0.0,145.0,2.8,1149,2703,33100,492813.0,3.1655009100815117
Minnesota,2022,0.0,75.0,7.1,601,1533,24300,195376.0,4.760052411759888
Mississippi,2022,0.0,150.0,-16.5,114,440,2400,97867.0,1.1239743733842869
Missouri,2022,0.0,105.0,-15.4,1029,2216,17900,260096.0,3.037340059055118
Montana,2022,0.0,0.0,-16.4,98,253,3300,56868.0,2.989378912569459
Nebraska,2022,0.0,75.0,-19.2,214,446,4600,70186.0,2.707092582566324
Nevada,2022,0.0,0.0,2.4,478,1670,32900,124203.0,12.479569736640823
New Hampshire,2022,0.0,0.0,7.4,201,466,7000,93825.0,3.1974420463629096
New Jersey,2022,6600.0,0.0,15.9,938,2713,87000,457744.0,8.563738683631025
New Mexico,2022,0.0,0.0,10.8,211,528,7100,69855.0,4.151456588647913
New York,2022,2000.0,0.0,23.1,3326,9535,84700,780287.0,4.203581502703493
North Carolina,2022,0.0,140.25,-1.3,1166,3040,45600,385174.0,5.2963076427796265
North Dakota,2022,0.0,120.0,-33.4,80,172,600,28489.0,0.7020253431148864
Ohio,2022,0.0,200.0,-8.0,1247,2818,34100,479123.0,2.6924192743825697
Oklahoma,2022,0.0,110.0,-33.1,340,1093,16300,383299.0,2.400214975776091
Oregon,2022,2500.0,91.0,16.1,1009,2475,47000,150582.0,11.09030295785685
Pennsylvania,2022,2000.0,0.0,1.2,1326,3251,47400,525152.0,3.922673816342697
Rhode Island,2022,1250.0,0.0,20.8,297,783,4300,42285.0,4.2568286626463285
South Carolina,2022,0.0,60.0,-11.7,413,978,13500,193354.0,3.154835172791874
South Dakota,2022,0.0,50.0,-26.2,69,176,1200,26267.0,1.9035291430311798
Tennessee,2022,0.0,100.0,-23.2,695,1683,22000,232717.0,4.211123381618017
Texas,2022,2500.0,0.0,-5.6,2471,6332,149000,1314167.0,5.181989807992439
Utah,2022,0.0,130.25,-20.5,780,1853,28000,136892.0,8.40078309908541
Vermont,2022,2500.0,0.0,35.4,351,898,5300,41068.0,4.626473166455635
Virginia,2022,2500.0,120.0,10.1,1221,3643,56600,301163.0,8.599994023170177
Washington,2022,0.0,150.0,19.2,1784,4533,104100,268391.0,13.897634421422477
West Virginia,2022,0.0,200.0,-38.9,137,385,1900,67939.0,1.3247177615213648
Wisconsin,2022,0.0,100.0,0.6,470,1101,15700,191759.0,3.337522619538066
Wyoming,2022,0.0,200.0,-43.4,86,214,800,13574.000000000002,2.21010755856785
